<linker>
	<assembly fullname="UnityEngine">
		<type fullname="UnityEngine.Object" preserve="nothing"/>
		<type fullname="UnityEngine.Transform" preserve="nothing"/>
		<type fullname="UnityEngine.Renderer" preserve="nothing"/>
		<type fullname="UnityEngine.Light" preserve="nothing"/>
		<type fullname="UnityEngine.MeshFilter" preserve="nothing"/>
		<type fullname="UnityEngine.MeshRenderer" preserve="nothing"/>
		<type fullname="UnityEngine.AudioReverbZone" preserve="nothing"/>
		<type fullname="UnityEngine.Texture" preserve="nothing"/>
		<type fullname="UnityEngine.ParticleSystem" preserve="nothing"/>
		<type fullname="UnityEngine.ParticleSystemRenderer" preserve="nothing"/>
		<type fullname="UnityEngine.Collider" preserve="nothing"/>
		<type fullname="UnityEngine.MeshCollider" preserve="nothing"/>
		<type fullname="UnityEngine.CapsuleCollider" preserve="nothing"/>
		<type fullname="UnityEngine.BoxCollider" preserve="nothing"/>
		<type fullname="UnityEngine.Behaviour" preserve="nothing"/>
		<type fullname="UnityEngine.Component" preserve="nothing"/>
		<type fullname="UnityEngine.MonoBehaviour" preserve="nothing"/>
		<type fullname="UnityEditor.MonoScript" preserve="nothing"/>
		<type fullname="UnityEngine.GameObject" preserve="nothing"/>
		<type fullname="UnityEngine.Material" preserve="nothing"/>
		<type fullname="UnityEngine.Mesh" preserve="nothing"/>
		<type fullname="UnityEngine.Texture2D" preserve="nothing"/>
		<type fullname="UnityEditor.VFXManager" preserve="nothing"/>
		<type fullname="UnityEngine.Shader" preserve="nothing"/>
		<type fullname="UnityEditor.AudioManager" preserve="nothing"/>
		<type fullname="UnityEngine.LODGroup" preserve="nothing"/>
		<type fullname="UnityEditor.PlayerSettings" preserve="nothing"/>
		<type fullname="UnityEngine.TextAsset" preserve="nothing"/>
		<type fullname="UnityEditor.PhysicsManager" preserve="nothing"/>
		<type fullname="UnityEditor.TimeManager" preserve="nothing"/>
		<type fullname="UnityEditor.InputManager" preserve="nothing"/>
		<type fullname="UnityEditor.TagManager" preserve="nothing"/>
		<type fullname="UnityEditor.MonoManager" preserve="nothing"/>
		<type fullname="UnityEngine.Rendering.GraphicsSettings" preserve="nothing"/>
		<type fullname="UnityEngine.QualitySettings" preserve="nothing"/>
		<type fullname="UnityEditor.Physics2DSettings" preserve="nothing"/>
		<type fullname="UnityEngine.AnimationClip" preserve="nothing"/>
		<type fullname="UnityEngine.Camera" preserve="nothing"/>
		<type fullname="UnityEngine.SkinnedMeshRenderer" preserve="nothing"/>
		<type fullname="UnityEngine.AudioSource" preserve="nothing"/>
		<type fullname="UnityEngine.AudioBehaviour" preserve="nothing"/>
		<type fullname="UnityEngine.AudioListener" preserve="nothing"/>
		<type fullname="UnityEngine.Rigidbody" preserve="nothing"/>
		<type fullname="UnityEngine.Canvas" preserve="nothing"/>
		<type fullname="UnityEngine.RectTransform" preserve="nothing"/>
		<type fullname="UnityEngine.RuntimeAnimatorController" preserve="nothing"/>
		<type fullname="UnityEngine.Motion" preserve="nothing"/>
		<type fullname="UnityEngine.Animator" preserve="nothing"/>
		<type fullname="UnityEditor.Animations.AnimatorController" preserve="nothing"/>
		<type fullname="UnityEngine.Avatar" preserve="nothing"/>
		<type fullname="UnityEngine.RenderTexture" preserve="nothing"/>
		<type fullname="UnityEngine.LightmapSettings" preserve="nothing"/>
		<type fullname="UnityEngine.Sprite" preserve="nothing"/>
		<type fullname="UnityEngine.CanvasRenderer" preserve="nothing"/>
		<type fullname="UnityEngine.ComputeShader" preserve="nothing"/>
		<type fullname="UnityEngine.AudioClip" preserve="nothing"/>
		<type fullname="UnityEngine.Cubemap" preserve="nothing"/>
		<type fullname="UnityEngine.RenderSettings" preserve="nothing"/>
		<type fullname="UnityEngine.ReflectionProbe" preserve="nothing"/>
		<type fullname="UnityEngine.LightProbes" preserve="nothing"/>
		<type fullname="UnityEngine.CustomRenderTexture" preserve="nothing"/>
		<type fullname="UnityEngine.PhysicMaterial" preserve="nothing"/>
		<type fullname="UnityEngine.Projector" preserve="nothing"/>
	</assembly>
	<assembly fullname="Assembly-CSharp">
		<type fullname="CombineMeshes" preserve="nothing"/>
		<type fullname="CopyTransforms" preserve="nothing"/>
		<type fullname="CullingTarget" preserve="nothing"/>
		<type fullname="DynamicOC" preserve="nothing"/>
		<type fullname="DynamicOcclusionCulling" preserve="nothing"/>
		<type fullname="GM_Jump" preserve="nothing"/>
		<type fullname="GM_Movement" preserve="nothing"/>
		<type fullname="GPP_Base" preserve="nothing"/>
		<type fullname="GameSettings.GameConfigurations" preserve="nothing"/>
		<type fullname="MCS_Check" preserve="nothing"/>
		<type fullname="MCS_Managment" preserve="nothing"/>
		<type fullname="MCS_PrefabSpawner" preserve="nothing"/>
		<type fullname="MCS_ScriptableOBj" preserve="nothing"/>
		<type fullname="NoClip" preserve="nothing"/>
		<type fullname="OneOrOther" preserve="nothing"/>
		<type fullname="RandomActivator" preserve="nothing"/>
		<type fullname="SoundParticles" preserve="nothing"/>
	</assembly>
	<assembly fullname="Unity.Postprocessing.Runtime">
		<type fullname="UnityEngine.Rendering.PostProcessing.AmbientOcclusion" preserve="nothing"/>
		<type fullname="UnityEngine.Rendering.PostProcessing.AutoExposure" preserve="nothing"/>
		<type fullname="UnityEngine.Rendering.PostProcessing.Bloom" preserve="nothing"/>
		<type fullname="UnityEngine.Rendering.PostProcessing.ChromaticAberration" preserve="nothing"/>
		<type fullname="UnityEngine.Rendering.PostProcessing.ColorGrading" preserve="nothing"/>
		<type fullname="UnityEngine.Rendering.PostProcessing.DepthOfField" preserve="nothing"/>
		<type fullname="UnityEngine.Rendering.PostProcessing.Grain" preserve="nothing"/>
		<type fullname="UnityEngine.Rendering.PostProcessing.LensDistortion" preserve="nothing"/>
		<type fullname="UnityEngine.Rendering.PostProcessing.MotionBlur" preserve="nothing"/>
		<type fullname="UnityEngine.Rendering.PostProcessing.PostProcessLayer" preserve="nothing"/>
		<type fullname="UnityEngine.Rendering.PostProcessing.PostProcessProfile" preserve="nothing"/>
		<type fullname="UnityEngine.Rendering.PostProcessing.PostProcessResources" preserve="nothing"/>
		<type fullname="UnityEngine.Rendering.PostProcessing.PostProcessVolume" preserve="nothing"/>
		<type fullname="UnityEngine.Rendering.PostProcessing.ScreenSpaceReflections" preserve="nothing"/>
		<type fullname="UnityEngine.Rendering.PostProcessing.Vignette" preserve="nothing"/>
	</assembly>
	<assembly fullname="UnityEngine.UI">
		<type fullname="UnityEngine.EventSystems.EventSystem" preserve="nothing"/>
		<type fullname="UnityEngine.EventSystems.StandaloneInputModule" preserve="nothing"/>
		<type fullname="UnityEngine.UI.CanvasScaler" preserve="nothing"/>
		<type fullname="UnityEngine.UI.GraphicRaycaster" preserve="nothing"/>
		<type fullname="UnityEngine.UI.Image" preserve="nothing"/>
		<type fullname="UnityEngine.UI.Mask" preserve="nothing"/>
		<type fullname="UnityEngine.UI.RawImage" preserve="nothing"/>
	</assembly>
</linker>
